{
  "token_acc":null,
  "token_p":null,
  "token_r":null,
  "token_f":null,
  "spans_sc_p":0.9045842217,
  "spans_sc_r":0.8567822282,
  "spans_sc_f":0.8800345722,
  "spans_sc_per_type":{
    "PER":{
      "p":0.8954741379,
      "r":0.9022801303,
      "f":0.8988642509
    },
    "ORG":{
      "p":0.8842105263,
      "r":0.7516778523,
      "f":0.8125755744
    },
    "LOC":{
      "p":0.9211986681,
      "r":0.903647251,
      "f":0.9123385545
    },
    "MISC":{
      "p":0.9168674699,
      "r":0.8253796095,
      "f":0.8687214612
    }
  },
  "speed":13790.1456883452
}