{
  "token_acc":null,
  "token_p":null,
  "token_r":null,
  "token_f":null,
  "spans_sc_p":0.8275862069,
  "spans_sc_r":0.7861189802,
  "spans_sc_f":0.8063198039,
  "spans_sc_per_type":{
    "LOC":{
      "p":0.8680263947,
      "r":0.8675059952,
      "f":0.8677661169
    },
    "ORG":{
      "p":0.7926235212,
      "r":0.6857314871,
      "f":0.7353131052
    },
    "PER":{
      "p":0.8391167192,
      "r":0.8225108225,
      "f":0.8307307933
    },
    "MISC":{
      "p":0.775147929,
      "r":0.7464387464,
      "f":0.7605224964
    }
  },
  "speed":15369.4227060464
}