{
  "token_acc":null,
  "token_p":null,
  "token_r":null,
  "token_f":null,
  "spans_sc_p":0.8092598631,
  "spans_sc_r":0.6973869064,
  "spans_sc_f":0.7491699366,
  "spans_sc_per_type":{
    "ORG":{
      "p":0.795638126,
      "r":0.7035714286,
      "f":0.746777862
    },
    "LOC":{
      "p":0.8646441074,
      "r":0.6835793358,
      "f":0.7635239567
    },
    "MISC":{
      "p":0.6132075472,
      "r":0.3823529412,
      "f":0.4710144928
    },
    "PER":{
      "p":0.8236842105,
      "r":0.8517006803,
      "f":0.837458194
    }
  },
  "speed":15715.4854102833
}