{
  "token_acc":null,
  "token_p":null,
  "token_r":null,
  "token_f":null,
  "spans_sc_p":0.7907291949,
  "spans_sc_r":0.6702665441,
  "spans_sc_f":0.7255316503,
  "spans_sc_per_type":{
    "LOC":{
      "p":0.7483870968,
      "r":0.7065989848,
      "f":0.7268929504
    },
    "ORG":{
      "p":0.7957540264,
      "r":0.6394117647,
      "f":0.7090671885
    },
    "PER":{
      "p":0.874884152,
      "r":0.7725040917,
      "f":0.8205128205
    },
    "MISC":{
      "p":0.6050955414,
      "r":0.4269662921,
      "f":0.5006587615
    }
  },
  "speed":17248.2453733655
}