{
  "token_acc":null,
  "token_p":null,
  "token_r":null,
  "token_f":null,
  "ents_p":0.8408210689,
  "ents_r":0.8298929664,
  "ents_f":0.8353212774,
  "ents_per_type":{
    "MISC":{
      "p":0.789261745,
      "r":0.7860962567,
      "f":0.7876758205
    },
    "LOC":{
      "p":0.8922413793,
      "r":0.8643006263,
      "f":0.8780487805
    },
    "ORG":{
      "p":0.8582930757,
      "r":0.77696793,
      "f":0.8156082632
    },
    "PER":{
      "p":0.8457446809,
      "r":0.9046941679,
      "f":0.8742268041
    }
  },
  "speed":2272.1059691134
}