{
  "token_acc":null,
  "token_p":null,
  "token_r":null,
  "token_f":null,
  "ents_p":0.8439825507,
  "ents_r":0.8364699898,
  "ents_f":0.8402094776,
  "ents_per_type":{
    "LOC":{
      "p":0.9063324538,
      "r":0.8922077922,
      "f":0.8992146597
    },
    "MISC":{
      "p":0.8107869142,
      "r":0.7725358045,
      "f":0.7911993097
    },
    "PER":{
      "p":0.876663709,
      "r":0.9039341263,
      "f":0.8900900901
    },
    "ORG":{
      "p":0.7911464245,
      "r":0.7902494331,
      "f":0.7906976744
    }
  },
  "speed":4354.5046382873
}