{
  "token_acc":null,
  "token_p":null,
  "token_r":null,
  "token_f":null,
  "ents_p":0.9185967302,
  "ents_r":0.9077751599,
  "ents_f":0.9131538852,
  "ents_per_type":{
    "ORG":{
      "p":0.8856466877,
      "r":0.8374347502,
      "f":0.8608662323
    },
    "LOC":{
      "p":0.9332621463,
      "r":0.9515514426,
      "f":0.9423180593
    },
    "MISC":{
      "p":0.900789177,
      "r":0.8665943601,
      "f":0.8833609729
    },
    "PER":{
      "p":0.9349240781,
      "r":0.9359391965,
      "f":0.9354313619
    }
  },
  "speed":652.6266012616
}