{
  "token_acc":null,
  "token_p":null,
  "token_r":null,
  "token_f":null,
  "ents_p":0.8658470439,
  "ents_r":0.8479107649,
  "ents_f":0.8567850434,
  "ents_per_type":{
    "LOC":{
      "p":0.8751431844,
      "r":0.9160671463,
      "f":0.8951376684
    },
    "PER":{
      "p":0.918678526,
      "r":0.8942486085,
      "f":0.9062989658
    },
    "MISC":{
      "p":0.7976878613,
      "r":0.7863247863,
      "f":0.7919655667
    },
    "ORG":{
      "p":0.8314680711,
      "r":0.7603853101,
      "f":0.7943396226
    }
  },
  "speed":4414.7404731398
}