{
  "token_acc":null,
  "token_p":null,
  "token_r":null,
  "token_f":null,
  "ents_p":0.8407310705,
  "ents_r":0.805,
  "ents_f":0.8224776501,
  "ents_per_type":{
    "Organ":{
      "p":0.875,
      "r":0.8235294118,
      "f":0.8484848485
    },
    "Organism_substance":{
      "p":0.72,
      "r":0.72,
      "f":0.72
    },
    "Pathological_formation":{
      "p":0.880952381,
      "r":0.8409090909,
      "f":0.8604651163
    },
    "Multi-tissue_structure":{
      "p":0.6777777778,
      "r":0.7530864198,
      "f":0.7134502924
    },
    "Organism_subdivision":{
      "p":0.8461538462,
      "r":0.7857142857,
      "f":0.8148148148
    },
    "Cell":{
      "p":0.9444444444,
      "r":0.8947368421,
      "f":0.9189189189
    },
    "Cellular_component":{
      "p":0.9333333333,
      "r":0.8235294118,
      "f":0.875
    },
    "Anatomical_system":{
      "p":0.6,
      "r":0.6,
      "f":0.6
    },
    "Tissue":{
      "p":0.8333333333,
      "r":0.4761904762,
      "f":0.6060606061
    },
    "Immaterial_anatomical_entity":{
      "p":1.0,
      "r":0.75,
      "f":0.8571428571
    },
    "Developing_anatomical_structure":{
      "p":1.0,
      "r":1.0,
      "f":1.0
    }
  },
  "speed":12860.0939746713
}