{
  "token_acc":null,
  "token_p":null,
  "token_r":null,
  "token_f":null,
  "ents_p":0.6290613718,
  "ents_r":0.5549363057,
  "ents_f":0.589678511,
  "ents_per_type":{
    "Pathological_formation":{
      "p":0.5714285714,
      "r":0.5066666667,
      "f":0.5371024735
    },
    "Multi-tissue_structure":{
      "p":0.4979591837,
      "r":0.4939271255,
      "f":0.4959349593
    },
    "Tissue":{
      "p":0.4358974359,
      "r":0.2833333333,
      "f":0.3434343434
    },
    "Cell":{
      "p":0.7301038062,
      "r":0.6940789474,
      "f":0.7116357504
    },
    "Organism_substance":{
      "p":0.8037383178,
      "r":0.7049180328,
      "f":0.7510917031
    },
    "Organ":{
      "p":0.8372093023,
      "r":0.6666666667,
      "f":0.7422680412
    },
    "Anatomical_system":{
      "p":0.3548387097,
      "r":0.7857142857,
      "f":0.4888888889
    },
    "Organism_subdivision":{
      "p":0.3650793651,
      "r":0.4107142857,
      "f":0.3865546218
    },
    "Immaterial_anatomical_entity":{
      "p":0.75,
      "r":0.2,
      "f":0.3157894737
    },
    "Cellular_component":{
      "p":0.5,
      "r":0.3068181818,
      "f":0.3802816901
    },
    "Developing_anatomical_structure":{
      "p":1.0,
      "r":0.4347826087,
      "f":0.6060606061
    }
  },
  "speed":3483.0147888323
}