{
  "token_acc":null,
  "token_p":null,
  "token_r":null,
  "token_f":null,
  "spans_sc_p":0.4422110553,
  "spans_sc_r":0.0815569972,
  "spans_sc_f":0.13771518,
  "spans_sc_per_type":{
    "location":{
      "p":0.2769230769,
      "r":0.12,
      "f":0.1674418605
    },
    "group":{
      "p":0.0,
      "r":0.0,
      "f":0.0
    },
    "person":{
      "p":0.5882352941,
      "r":0.1631701632,
      "f":0.2554744526
    },
    "creative-work":{
      "p":0.0,
      "r":0.0,
      "f":0.0
    },
    "product":{
      "p":0.0,
      "r":0.0,
      "f":0.0
    },
    "corporation":{
      "p":0.0,
      "r":0.0,
      "f":0.0
    }
  },
  "speed":16400.4193928133
}