{
  "token_acc":null,
  "token_p":null,
  "token_r":null,
  "token_f":null,
  "spans_sc_p":0.4545454545,
  "spans_sc_r":0.1255980861,
  "spans_sc_f":0.1968134958,
  "spans_sc_per_type":{
    "location":{
      "p":0.3181818182,
      "r":0.2837837838,
      "f":0.3
    },
    "person":{
      "p":0.6230769231,
      "r":0.1723404255,
      "f":0.27
    },
    "creative-work":{
      "p":0.0,
      "r":0.0,
      "f":0.0
    },
    "product":{
      "p":0.0,
      "r":0.0,
      "f":0.0
    },
    "group":{
      "p":0.0882352941,
      "r":0.0769230769,
      "f":0.0821917808
    },
    "corporation":{
      "p":0.0,
      "r":0.0,
      "f":0.0
    }
  },
  "speed":4695.3439423252
}