{
  "token_acc":null,
  "token_p":null,
  "token_r":null,
  "token_f":null,
  "spans_sc_p":0.6023391813,
  "spans_sc_r":0.1232057416,
  "spans_sc_f":0.2045680238,
  "spans_sc_per_type":{
    "location":{
      "p":0.4324324324,
      "r":0.2162162162,
      "f":0.2882882883
    },
    "person":{
      "p":0.6666666667,
      "r":0.1829787234,
      "f":0.2871452421
    },
    "creative-work":{
      "p":0.0,
      "r":0.0,
      "f":0.0
    },
    "product":{
      "p":0.0,
      "r":0.0,
      "f":0.0
    },
    "group":{
      "p":0.25,
      "r":0.0256410256,
      "f":0.0465116279
    },
    "corporation":{
      "p":0.0,
      "r":0.0,
      "f":0.0
    }
  },
  "speed":315.267625762
}