{
  "token_acc":null,
  "token_p":null,
  "token_r":null,
  "token_f":null,
  "spans_sc_p":0.8580858086,
  "spans_sc_r":0.65,
  "spans_sc_f":0.7396870555,
  "spans_sc_per_type":{
    "Organ":{
      "p":0.8055555556,
      "r":0.568627451,
      "f":0.6666666667
    },
    "Pathological_formation":{
      "p":0.8285714286,
      "r":0.6590909091,
      "f":0.7341772152
    },
    "Organism_substance":{
      "p":0.7894736842,
      "r":0.6,
      "f":0.6818181818
    },
    "Multi-tissue_structure":{
      "p":0.7887323944,
      "r":0.6913580247,
      "f":0.7368421053
    },
    "Cell":{
      "p":0.9310344828,
      "r":0.8120300752,
      "f":0.8674698795
    },
    "Organism_subdivision":{
      "p":0.75,
      "r":0.4285714286,
      "f":0.5454545455
    },
    "Cellular_component":{
      "p":1.0,
      "r":0.5294117647,
      "f":0.6923076923
    },
    "Anatomical_system":{
      "p":0.0,
      "r":0.0,
      "f":0.0
    },
    "Tissue":{
      "p":0.8888888889,
      "r":0.380952381,
      "f":0.5333333333
    },
    "Immaterial_anatomical_entity":{
      "p":0.0,
      "r":0.0,
      "f":0.0
    },
    "Developing_anatomical_structure":{
      "p":0.0,
      "r":0.0,
      "f":0.0
    }
  },
  "speed":2390.0835103751
}