{
  "token_acc":null,
  "token_p":null,
  "token_r":null,
  "token_f":null,
  "spans_sc_p":0.6979865772,
  "spans_sc_r":0.4140127389,
  "spans_sc_f":0.5197401299,
  "spans_sc_per_type":{
    "Pathological_formation":{
      "p":0.5662650602,
      "r":0.3133333333,
      "f":0.4034334764
    },
    "Cell":{
      "p":0.8198198198,
      "r":0.5986842105,
      "f":0.6920152091
    },
    "Multi-tissue_structure":{
      "p":0.5070422535,
      "r":0.2914979757,
      "f":0.3701799486
    },
    "Tissue":{
      "p":0.5757575758,
      "r":0.3166666667,
      "f":0.4086021505
    },
    "Organ":{
      "p":0.86,
      "r":0.5308641975,
      "f":0.6564885496
    },
    "Anatomical_system":{
      "p":0.0,
      "r":0.0,
      "f":0.0
    },
    "Organism_subdivision":{
      "p":0.6086956522,
      "r":0.25,
      "f":0.3544303797
    },
    "Immaterial_anatomical_entity":{
      "p":0.0,
      "r":0.0,
      "f":0.0
    },
    "Cellular_component":{
      "p":0.5,
      "r":0.2727272727,
      "f":0.3529411765
    },
    "Organism_substance":{
      "p":0.8351648352,
      "r":0.6229508197,
      "f":0.7136150235
    },
    "Developing_anatomical_structure":{
      "p":0.0,
      "r":0.0,
      "f":0.0
    }
  },
  "speed":10512.8947560722
}