{
  "token_acc":1.0,
  "token_p":1.0,
  "token_r":1.0,
  "token_f":1.0,
  "ents_p":0.6152597403,
  "ents_r":0.6402027027,
  "ents_f":0.6274834437,
  "ents_per_type":{
    "insult":{
      "p":0.6306913997,
      "r":0.7940552017,
      "f":0.7030075188
    },
    "profane/obscene":{
      "p":0.2173913043,
      "r":0.0925925926,
      "f":0.1298701299
    },
    "other toxicity":{
      "p":0.0,
      "r":0.0,
      "f":0.0
    },
    "identity based attack":{
      "p":0.0,
      "r":0.0,
      "f":0.0
    },
    "threat":{
      "p":0.0,
      "r":0.0,
      "f":0.0
    }
  },
  "speed":5600.0955991039
}