{
  "token_acc":1.0,
  "token_p":1.0,
  "token_r":1.0,
  "token_f":1.0,
  "ents_p":0.6066878981,
  "ents_r":0.635,
  "ents_f":0.6205211726,
  "ents_per_type":{
    "insult":{
      "p":0.6166666667,
      "r":0.807860262,
      "f":0.6994328922
    },
    "other toxicity":{
      "p":0.0,
      "r":0.0,
      "f":0.0
    },
    "profane/obscene":{
      "p":0.3928571429,
      "r":0.2037037037,
      "f":0.2682926829
    },
    "identity based attack":{
      "p":0.0,
      "r":0.0,
      "f":0.0
    },
    "threat":{
      "p":0.0,
      "r":0.0,
      "f":0.0
    }
  },
  "speed":19500.7190502352
}