{
  "token_acc":1.0,
  "token_p":1.0,
  "token_r":1.0,
  "token_f":1.0,
  "spans_sc_p":0.6305970149,
  "spans_sc_r":0.5577557756,
  "spans_sc_f":0.591943958,
  "spans_sc_per_type":{
    "insult":{
      "p":0.6305970149,
      "r":0.7331887202,
      "f":0.6780341023
    },
    "other toxicity":{
      "p":0.0,
      "r":0.0,
      "f":0.0
    },
    "profane/obscene":{
      "p":0.0,
      "r":0.0,
      "f":0.0
    },
    "identity based attack":{
      "p":0.0,
      "r":0.0,
      "f":0.0
    },
    "threat":{
      "p":0.0,
      "r":0.0,
      "f":0.0
    }
  },
  "speed":5188.7693673182
}