{
  "token_acc":null,
  "token_p":null,
  "token_r":null,
  "token_f":null,
  "ents_p":0.822616408,
  "ents_r":0.8339421186,
  "ents_f":0.828240547,
  "ents_per_type":{
    "LOC":{
      "p":0.867494824,
      "r":0.7730627306,
      "f":0.8175609756
    },
    "ORG":{
      "p":0.7910936477,
      "r":0.8628571429,
      "f":0.8254185173
    },
    "MISC":{
      "p":0.6696696697,
      "r":0.6558823529,
      "f":0.6627043091
    },
    "PER":{
      "p":0.8938618926,
      "r":0.9510204082,
      "f":0.921555702
    }
  },
  "speed":3591.995523709
}