{
  "token_acc":null,
  "token_p":null,
  "token_r":null,
  "token_f":null,
  "ents_p":0.8097314666,
  "ents_r":0.8106617647,
  "ents_f":0.8101963486,
  "ents_per_type":{
    "LOC":{
      "p":0.7977867203,
      "r":0.8050761421,
      "f":0.801414856
    },
    "ORG":{
      "p":0.8067226891,
      "r":0.7905882353,
      "f":0.798573975
    },
    "PER":{
      "p":0.9160493827,
      "r":0.910801964,
      "f":0.9134181371
    },
    "MISC":{
      "p":0.5767634855,
      "r":0.6247191011,
      "f":0.5997842503
    }
  },
  "speed":494.4357232922
}