{
  "token_acc":null,
  "token_p":null,
  "token_r":null,
  "token_f":null,
  "spans_sc_p":0.9829931973,
  "spans_sc_r":0.9059561129,
  "spans_sc_f":0.942903752,
  "spans_sc_per_type":{
    "ORG":{
      "p":0.9784172662,
      "r":0.9066666667,
      "f":0.9411764706
    },
    "LOC":{
      "p":0.8181818182,
      "r":0.3913043478,
      "f":0.5294117647
    },
    "PER":{
      "p":1.0,
      "r":0.9863013699,
      "f":0.9931034483
    }
  },
  "speed":1065.0091588463
}