{
  "token_acc":null,
  "token_p":null,
  "token_r":null,
  "token_f":null,
  "spans_sc_p":0.9183673469,
  "spans_sc_r":0.7075471698,
  "spans_sc_f":0.7992895204,
  "spans_sc_per_type":{
    "LOC":{
      "p":0.8461538462,
      "r":0.2820512821,
      "f":0.4230769231
    },
    "PER":{
      "p":1.0,
      "r":0.9074074074,
      "f":0.9514563107
    },
    "MISC":{
      "p":1.0,
      "r":0.2857142857,
      "f":0.4444444444
    },
    "ORG":{
      "p":0.4705882353,
      "r":0.2857142857,
      "f":0.3555555556
    }
  },
  "speed":18184.3367023401
}