{
  "token_acc":null,
  "token_p":null,
  "token_r":null,
  "token_f":null,
  "ents_p":0.6202020202,
  "ents_r":0.3672248804,
  "ents_f":0.4613072878,
  "ents_per_type":{
    "location":{
      "p":0.5263157895,
      "r":0.5405405405,
      "f":0.5333333333
    },
    "person":{
      "p":0.773006135,
      "r":0.5361702128,
      "f":0.6331658291
    },
    "creative-work":{
      "p":0.1764705882,
      "r":0.0285714286,
      "f":0.0491803279
    },
    "product":{
      "p":0.375,
      "r":0.0789473684,
      "f":0.1304347826
    },
    "group":{
      "p":0.0869565217,
      "r":0.0512820513,
      "f":0.064516129
    },
    "corporation":{
      "p":0.0344827586,
      "r":0.0294117647,
      "f":0.0317460317
    }
  },
  "speed":1887.07285882
}