{
  "token_acc":null,
  "token_p":null,
  "token_r":null,
  "token_f":null,
  "ents_p":0.4632478632,
  "ents_r":0.2511584801,
  "ents_f":0.3257211538,
  "ents_per_type":{
    "location":{
      "p":0.3908045977,
      "r":0.4533333333,
      "f":0.4197530864
    },
    "group":{
      "p":0.2205882353,
      "r":0.0909090909,
      "f":0.1287553648
    },
    "person":{
      "p":0.7124463519,
      "r":0.3869463869,
      "f":0.501510574
    },
    "creative-work":{
      "p":0.3333333333,
      "r":0.0633802817,
      "f":0.1065088757
    },
    "corporation":{
      "p":0.1754385965,
      "r":0.1515151515,
      "f":0.162601626
    },
    "product":{
      "p":0.1153846154,
      "r":0.0236220472,
      "f":0.0392156863
    }
  },
  "speed":3089.6278241933
}