{
  "token_acc":null,
  "token_p":null,
  "token_r":null,
  "token_f":null,
  "ents_p":0.56152513,
  "ents_r":0.3875598086,
  "ents_f":0.4585987261,
  "ents_per_type":{
    "location":{
      "p":0.3223140496,
      "r":0.527027027,
      "f":0.4
    },
    "person":{
      "p":0.6574074074,
      "r":0.6042553191,
      "f":0.6297117517
    },
    "creative-work":{
      "p":0.0,
      "r":0.0,
      "f":0.0
    },
    "product":{
      "p":0.0,
      "r":0.0,
      "f":0.0
    },
    "group":{
      "p":0.0,
      "r":0.0,
      "f":0.0
    },
    "corporation":{
      "p":0.0434782609,
      "r":0.0294117647,
      "f":0.0350877193
    }
  },
  "speed":14826.1504427341
}