{
  "token_acc":null,
  "token_p":null,
  "token_r":null,
  "token_f":null,
  "ents_p":0.9779179811,
  "ents_r":0.9717868339,
  "ents_f":0.9748427673,
  "ents_per_type":{
    "ORG":{
      "p":0.9866666667,
      "r":0.9866666667,
      "f":0.9866666667
    },
    "LOC":{
      "p":0.7619047619,
      "r":0.6956521739,
      "f":0.7272727273
    },
    "PER":{
      "p":1.0,
      "r":1.0,
      "f":1.0
    }
  },
  "speed":6236.1933787557
}