{
  "token_acc":null,
  "token_p":null,
  "token_r":null,
  "token_f":null,
  "ents_p":0.7270029674,
  "ents_r":0.7704402516,
  "ents_f":0.7480916031,
  "ents_per_type":{
    "MISC":{
      "p":0.4,
      "r":0.2857142857,
      "f":0.3333333333
    },
    "ORG":{
      "p":0.3636363636,
      "r":0.4285714286,
      "f":0.393442623
    },
    "LOC":{
      "p":0.5833333333,
      "r":0.5384615385,
      "f":0.56
    },
    "PER":{
      "p":0.8608695652,
      "r":0.9166666667,
      "f":0.8878923767
    }
  },
  "speed":5703.6990430737
}