{
  "token_acc":null,
  "token_p":null,
  "token_r":null,
  "token_f":null,
  "spans_sc_p":0.8112716763,
  "spans_sc_r":0.7138860631,
  "spans_sc_f":0.759469697,
  "spans_sc_per_type":{
    "PER":{
      "p":0.794091316,
      "r":0.8115279048,
      "f":0.8027149321
    },
    "LOC":{
      "p":0.8161244696,
      "r":0.7493506494,
      "f":0.7813134733
    },
    "ORG":{
      "p":0.7764227642,
      "r":0.6496598639,
      "f":0.7074074074
    },
    "MISC":{
      "p":0.8574610245,
      "r":0.648694187,
      "f":0.7386091127
    }
  },
  "speed":16275.9970886224
}