{
  "token_acc":null,
  "token_p":null,
  "token_r":null,
  "token_f":null,
  "spans_sc_p":0.7684729064,
  "spans_sc_r":0.6559633028,
  "spans_sc_f":0.7077747989,
  "spans_sc_per_type":{
    "MISC":{
      "p":0.7941628264,
      "r":0.6911764706,
      "f":0.7390993567
    },
    "LOC":{
      "p":0.7438202247,
      "r":0.6910229645,
      "f":0.7164502165
    },
    "ORG":{
      "p":0.7935483871,
      "r":0.5379008746,
      "f":0.6411815812
    },
    "PER":{
      "p":0.7425595238,
      "r":0.7098150782,
      "f":0.7258181818
    }
  },
  "speed":15623.4262493296
}